-- ========================================
-- 校园跳蚤市场 - 完整数据导入脚本
-- 请分别在对应的数据库中执行相应部分
-- ========================================

-- ====== 在 market_user 数据库中执行 ======
-- 添加新用户
INSERT INTO t_user (id, username, password, nickname, avatar, phone, email, status, create_time, update_time) VALUES
(6, 'xiaoming', '$2a$10$N.zmdr9k7uOCQb376NoUnuTJ8iAt6Z5EHsM8lIzYbEvKfkGDTQjfS', '小明', 'http://localhost:9900/market-avatar/631ea8eeb1145ee8f407274aa0ee90f.jpg', '13912345605', 'xiaoming@campus.edu.cn', 1, '2025-12-11 08:20:00', '2025-12-11 08:20:00'),
(7, 'xiaohong', '$2a$10$N.zmdr9k7uOCQb376NoUnuTJ8iAt6Z5EHsM8lIzYbEvKfkGDTQjfS', '小红', 'http://localhost:9900/market-avatar/631ea8eeb1145ee8f407274aa0ee90f.jpg', '13912345606', 'xiaohong@campus.edu.cn', 1, '2025-12-12 10:45:00', '2025-12-12 10:45:00'),
(8, 'dawei', '$2a$10$N.zmdr9k7uOCQb376NoUnuTJ8iAt6Z5EHsM8lIzYbEvKfkGDTQjfS', '大伟', 'http://localhost:9900/market-avatar/631ea8eeb1145ee8f407274aa0ee90f.jpg', '13912345607', 'dawei@campus.edu.cn', 1, '2025-12-13 15:30:00', '2025-12-13 15:30:00'),
(9, 'xiaoyu', '$2a$10$N.zmdr9k7uOCQb376NoUnuTJ8iAt6Z5EHsM8lIzYbEvKfkGDTQjfS', '小雨', 'http://localhost:9900/market-avatar/631ea8eeb1145ee8f407274aa0ee90f.jpg', '13912345608', 'xiaoyu@campus.edu.cn', 1, '2025-12-14 09:15:00', '2025-12-14 09:15:00'),
(10, 'student01', '$2a$10$N.zmdr9k7uOCQb376NoUnuTJ8iAt6Z5EHsM8lIzYbEvKfkGDTQjfS', '学生A', 'http://localhost:9900/market-avatar/631ea8eeb1145ee8f407274aa0ee90f.jpg', '13912345609', 'student01@campus.edu.cn', 1, '2025-12-15 11:20:00', '2025-12-15 11:20:00');

-- 为新用户分配角色
INSERT INTO t_user_role (user_id, role_id) VALUES
(6, 2), (7, 2), (8, 2), (9, 2), (10, 2);

-- ====== 在 market_product 数据库中执行 ======
-- 添加更多商品分类
INSERT INTO t_category (id, parent_id, name, sort, icon, level) VALUES
(9, 0, '服装鞋包', 5, '/icon/clothing.png', 1),
(10, 0, '美妆护肤', 6, '/icon/beauty.png', 1),
(11, 1, '平板电脑', 3, '/icon/tablet.png', 2),
(12, 1, '耳机音响', 4, '/icon/audio.png', 2),
(13, 2, '小说文学', 3, '/icon/novel.png', 2),
(14, 3, '宿舍装饰', 1, '/icon/decoration.png', 2);

-- 添加丰富的商品数据
INSERT INTO t_product (seller_id, title, description, price, original_price, category_id, status, view_count, create_time, update_time) VALUES
-- 数码产品
(2, 'iPad Air 4 64G WiFi版', '2021年购买，9成新，主要用来看剧和做笔记，屏幕无划痕，包装盒配件齐全。', 2800.00, 4799.00, 11, 1, 189, '2026-01-01 10:30:00', '2026-01-01 10:30:00'),
(3, 'AirPods Pro 2代 降噪耳机', '用了8个月，降噪效果很好，适合上课和自习时佩戴。', 1200.00, 1899.00, 12, 1, 145, '2026-01-02 14:20:00', '2026-01-02 14:20:00'),
(4, '小米笔记本Pro 14英寸', 'AMD R5处理器，16G+512G，2.5K屏，轻薄便携，使用一年半。', 3200.00, 4999.00, 6, 1, 267, '2026-01-03 09:15:00', '2026-01-03 09:15:00'),
(5, 'Apple Watch SE 40mm', '黑色铝金属表壳，运动型表带，健康监测功能齐全。', 1400.00, 2199.00, 1, 1, 98, '2026-01-04 11:45:00', '2026-01-04 11:45:00'),

-- 图书教材
(2, 'Java从入门到精通 第6版', '软件工程专业教材，内容详细，适合初学者，书本九成新。', 45.00, 79.00, 7, 1, 134, '2026-01-01 15:20:00', '2026-01-01 15:20:00'),
(3, '线性代数及其应用', '数学系必修教材，习题丰富，中英文对照版本。', 60.00, 99.00, 7, 1, 87, '2026-01-02 08:45:00', '2026-01-02 08:45:00'),
(4, '考研英语真题详解', '张剑黄皮书，包含近5年真题及详细解析，备考必备！', 35.00, 68.00, 8, 1, 203, '2026-01-03 19:30:00', '2026-01-03 19:30:00'),
(5, '机器学习实战 Python版', '代码实例丰富，AI专业必读，九成新无勾画。', 55.00, 89.00, 7, 1, 167, '2026-01-04 13:15:00', '2026-01-04 13:15:00'),
(6, '哈利波特全集 中文版', '7本全套，人民文学出版社正版，收藏版本。', 180.00, 280.00, 13, 1, 256, '2026-01-05 10:20:00', '2026-01-05 10:20:00'),

-- 生活用品
(3, 'MUJI无印良品收纳盒', '简约设计，白色塑料材质，适合收纳文具和小物件。', 25.00, 49.00, 14, 1, 76, '2026-01-01 12:10:00', '2026-01-01 12:10:00'),
(4, '小熊电热水壶 1.7L', '304不锈钢内胆，自动断电，宿舍必备，功能完好。', 45.00, 89.00, 3, 1, 89, '2026-01-02 17:25:00', '2026-01-02 17:25:00'),
(5, '网易严选乳胶枕', '天然乳胶枕头，护颈设计，改善睡眠质量。', 120.00, 199.00, 3, 1, 145, '2026-01-03 20:40:00', '2026-01-03 20:40:00'),
(6, '宜家厨房挂钩套装', '白色金属材质，可挂厨具和毛巾，节省空间。', 15.00, 29.00, 3, 1, 67, '2026-01-04 09:30:00', '2026-01-04 09:30:00'),

-- 运动健身
(2, 'Keep瑜伽垫 10mm加厚', '紫色TPE材质，环保无味，防滑效果好。', 60.00, 99.00, 4, 1, 98, '2026-01-01 18:20:00', '2026-01-01 18:20:00'),
(3, '李宁篮球鞋 驭帅13代', '黑红配色，实战篮球鞋，耐磨防滑，九成新。', 320.00, 499.00, 4, 1, 156, '2026-01-02 11:15:00', '2026-01-02 11:15:00'),
(4, '哑铃套装 可调节20kg', '铁质哑铃片+连接杆，可调节重量，宿舍健身神器。', 150.00, 299.00, 4, 1, 234, '2026-01-03 15:45:00', '2026-01-03 15:45:00'),

-- 服装鞋包
(4, 'Adidas三叶草卫衣', 'M码，灰色连帽卫衣，纯棉材质，版型正。', 180.00, 399.00, 9, 1, 187, '2026-01-01 13:30:00', '2026-01-01 13:30:00'),
(5, 'JanSport双肩包 红色', '25L容量，结实耐用，适合上课背书。', 120.00, 299.00, 9, 1, 123, '2026-01-02 12:40:00', '2026-01-02 12:40:00'),
(6, 'Converse帆布鞋 白色', '经典高帮款式，鞋底磨损不大，37码。', 180.00, 399.00, 9, 1, 167, '2026-01-03 14:10:00', '2026-01-03 14:10:00'),

-- 美妆护肤
(2, '兰蔻小黑瓶精华液', '使用了1/3，正品保证，改善肌肤暗沉。', 280.00, 520.00, 10, 1, 145, '2026-01-01 19:25:00', '2026-01-01 19:25:00'),
(3, 'SK-II护肤面膜套装', '专柜正品，保质期到2026年底。', 350.00, 680.00, 10, 1, 234, '2026-01-02 20:15:00', '2026-01-02 20:15:00'),

-- 热门新品
(4, '戴森V8无线吸尘器', '轻量化设计，强劲吸力，适合宿舍清洁，九成新。', 1200.00, 2490.00, 3, 1, 423, '2026-01-06 09:30:00', '2026-01-06 09:30:00'),
(5, 'Switch游戏主机增强版', '红蓝手柄版本，包含底座和Pro手柄。', 1800.00, 2599.00, 1, 1, 567, '2026-01-06 15:20:00', '2026-01-06 15:20:00'),
(6, 'Kindle Paperwhite 4', '护眼阅读器，300ppi高清显示，背光可调。', 600.00, 998.00, 1, 1, 234, '2026-01-06 18:45:00', '2026-01-06 18:45:00'),

-- 已售出商品
(3, '良品铺子坚果礼包', '混合坚果礼盒装，营养健康，保质期充足。', 68.00, 128.00, 3, 2, 156, '2026-01-01 11:20:00', '2026-01-02 09:30:00'),
(4, '三只松鼠每日坚果', '还剩25包，因减肥出售。', 120.00, 199.00, 3, 2, 203, '2026-01-02 13:45:00', '2026-01-03 10:15:00');

-- 添加商品图片
INSERT INTO t_product_image (product_id, image_url, sort)
SELECT id, 'http://localhost:9900/market-product/6f2f0b7d6324ac3b9b138d53beab391.png', 0
FROM t_product WHERE title LIKE '%iPad Air 4%';

INSERT INTO t_product_image (product_id, image_url, sort)
SELECT id, 'http://localhost:9900/market-product/6f2f0b7d6324ac3b9b138d53beab391.png', 0
FROM t_product WHERE title LIKE '%AirPods Pro%';

INSERT INTO t_product_image (product_id, image_url, sort)
SELECT id, 'http://localhost:9900/market-product/6f2f0b7d6324ac3b9b138d53beab391.png', 0
FROM t_product WHERE title LIKE '%小米笔记本%';

INSERT INTO t_product_image (product_id, image_url, sort)
SELECT id, 'http://localhost:9900/market-product/6f2f0b7d6324ac3b9b138d53beab391.png', 0
FROM t_product WHERE title LIKE '%Switch%';

INSERT INTO t_product_image (product_id, image_url, sort)
SELECT id, 'http://localhost:9900/market-product/6f2f0b7d6324ac3b9b138d53beab391.png', 0
FROM t_product WHERE title LIKE '%戴森%';

-- ====== 在 market_credit 数据库中执行 ======
-- 为新用户添加信用记录
INSERT INTO t_credit_score (user_id, score, level, update_time) VALUES
(6, 98, '良好', '2025-12-11 08:20:00'),
(7, 102, '优秀', '2025-12-12 10:45:00'),
(8, 100, '优秀', '2025-12-13 15:30:00'),
(9, 105, '优秀', '2025-12-14 09:15:00'),
(10, 95, '良好', '2025-12-15 11:20:00');

-- ========================================
-- 执行完成后，数据库将包含：
-- ✅ 10个用户（包括管理员和新用户）
-- ✅ 30+个商品（涵盖各个分类）
-- ✅ 不同状态的商品（在售、已售出）
-- ✅ 真实的校园二手商品场景
-- ✅ 完整的关联关系
-- ========================================