-- 仅添加商品相关数据的脚本
USE market_product;

-- 商品分类表数据（如果不存在则插入）
INSERT IGNORE INTO t_category (id, parent_id, name, sort, icon, level, status, create_time, update_time) VALUES
(1, 0, '数码产品', 1, '/icon/digital.png', 1, 1, '2025-12-01 10:00:00', '2025-12-01 10:00:00'),
(2, 0, '图书教材', 2, '/icon/book.png', 1, 1, '2025-12-01 10:00:00', '2025-12-01 10:00:00'),
(3, 0, '生活用品', 3, '/icon/daily.png', 1, 1, '2025-12-01 10:00:00', '2025-12-01 10:00:00'),
(4, 0, '运动健身', 4, '/icon/sports.png', 1, 1, '2025-12-01 10:00:00', '2025-12-01 10:00:00'),
(5, 1, '手机', 1, '/icon/phone.png', 2, 1, '2025-12-01 10:00:00', '2025-12-01 10:00:00'),
(6, 1, '电脑', 2, '/icon/computer.png', 2, 1, '2025-12-01 10:00:00', '2025-12-01 10:00:00'),
(7, 2, '专业书籍', 1, '/icon/professional.png', 2, 1, '2025-12-01 10:00:00', '2025-12-01 10:00:00'),
(8, 2, '考试资料', 2, '/icon/exam.png', 2, 1, '2025-12-01 10:00:00', '2025-12-01 10:00:00');

-- 商品表数据（如果不存在则插入）
INSERT IGNORE INTO t_product (id, seller_id, title, description, price, original_price, category_id, status, view_count, deleted, audit_remark, create_time, update_time) VALUES
(1, 7, 'iPhone 13 128G 95成新', '用了半年，无磕碰，功能完好，配件齐全。因换新机出售。', 3800.00, 5999.00, 5, 1, 156, 0, NULL, '2025-12-15 10:30:00', '2025-12-15 10:30:00'),
(2, 7, '数据结构与算法分析（第3版）', '计算机专业经典教材，9成新，无笔记勾画。', 35.00, 59.00, 7, 1, 89, 0, NULL, '2025-12-16 14:20:00', '2025-12-16 14:20:00'),
(3, 7, 'MacBook Air M1 8G 256G', '2021款，8成新，使用正常，自带充电器。适合日常办公学习。', 5200.00, 7999.00, 6, 1, 234, 0, NULL, '2025-12-17 09:15:00', '2025-12-17 09:15:00'),
(4, 7, '全新羽毛球拍套装', '李宁N90，全新未开封，去年双11买的一直没用。', 180.00, 299.00, 4, 1, 67, 0, NULL, '2025-12-18 16:40:00', '2025-12-18 16:40:00'),
(5, 7, '护眼台灯', '飞利浦品牌，用了一年，功能正常。搬宿舍不方便带走。', 80.00, 199.00, 3, 1, 45, 0, NULL, '2025-12-19 11:25:00', '2025-12-19 11:25:00'),
(6, 7, '高等数学考研资料', '考研真题+笔记，内容齐全，上岸必备！', 50.00, 0.00, 8, 1, 123, 0, NULL, '2025-12-20 13:50:00', '2025-12-20 13:50:00'),
(7, 7, '小米手环6 NFC版', '95成新，功能完好，可刷校园卡。', 120.00, 229.00, 5, 1, 98, 0, NULL, '2025-12-21 10:10:00', '2025-12-21 10:10:00'),
(8, 7, '宿舍小风扇', '美的品牌，7成新，夏天必备神器。', 25.00, 59.00, 3, 2, 56, 0, NULL, '2025-12-22 15:30:00', '2025-12-28 09:20:00');

-- 商品图片表数据（如果不存在则插入）
INSERT IGNORE INTO t_product_image (id, product_id, image_url, sort) VALUES
(1, 1, '/product/iphone13_1.jpg', 0),
(2, 1, '/product/iphone13_2.jpg', 1),
(3, 1, '/product/iphone13_3.jpg', 2),
(4, 2, '/product/book_datastructure.jpg', 0),
(5, 3, '/product/macbook_1.jpg', 0),
(6, 3, '/product/macbook_2.jpg', 1),
(7, 4, '/product/badminton.jpg', 0),
(8, 5, '/product/lamp.jpg', 0),
(9, 6, '/product/math_exam.jpg', 0),
(10, 7, '/product/miband.jpg', 0),
(11, 8, '/product/fan.jpg', 0);

SELECT 'Product sample data inserted successfully!' as status;